-- Productsdescription.txt

CREATE TABLE CITIZEN (
    CITIZEN_ID INT AUTO_INCREMENT,
    CITIZEN_NAME VARCHAR(50) NOT NULL,
    CITIZEN_HOME VARCHAR(50),
    AGE INT CHECK (AGE >= 18),
    OCCUPATION VARCHAR(50),
    GENDER VARCHAR(10) CHECK (GENDER IN ('Male', 'Female')),
    SALARY FLOAT,
    CONSTRAINT PK_CITIZEN PRIMARY KEY (CITIZEN_ID)
);

CREATE TABLE PRODUCTS(
    PRODUCT_ID INT AUTO_INCREMENT,
    PRODUCT_NAME VARCHAR(15) NOT NULL UNIQUE,
    AMOUNT INT,
    PRICE FLOAT,
    CONSTRAINT PK_PRODUCT PRIMARY KEY(PRODUCT_ID),
    CONSTRAINT CHK_PRODUCT_AMOUNT CHECK (AMOUNT >= 0),
    CONSTRAINT CHK_PRODUCT_PRICE CHECK (PRICE > 0.0)
);

ALTER TABLE PRODUCTS AUTO_INCREMENT = 101;

CREATE TABLE ORDERS (
    ORDER_ID INT,
    CUSTOMER_ID INT,
    CONSTRAINT PK_ORDERS PRIMARY KEY (ORDER_ID)
);

CREATE TABLE ORDER_DETAILS (
    ORDER_ID INT,
    PRODUCT_ID INT,
    CONSTRAINT PK_ORDER_DETAILS PRIMARY KEY (ORDER_ID, PRODUCT_ID)
);

INSERT INTO CITIZEN (CITIZEN_NAME, CITIZEN_HOME, AGE, OCCUPATION, GENDER, SALARY) VALUES
('Alice', 'Dhaka', 25, 'Teacher', 'Male', 50000),
('Bob', 'Dhaka', 56, 'Service', 'Male', 60000),
('Charlie', 'Ctg', 71, 'Retired', 'Male', 10000),
('Erin', 'Ctg', 18, 'Student', 'Female', 500),
('Dave', 'Dhaka', 45, 'Service', 'Male', 40000),
('Faythe', 'Gazipur', 54, 'Doctor', 'Female', 55000),
('Grace', 'Gazipur', 65, 'Musician', 'Female', 5000),
('Ivan', 'Dhaka', 56, 'Engineer', 'Male', 60000),
('Frank', 'Ctg', 23, 'Student', 'Male', 1000),
('Micheal', 'Comilla', 32, 'Teacher', 'Male', 45000),
('Niaj', 'Comilla', 51, 'Farmer', 'Male', 20000),
('Heidi', 'Khulna', 18, 'Student', 'Female', 1500),
('Ted', 'Ctg', 25, 'Business', 'Male', 100000),
('Walter', 'Comilla', 52, 'Doctor', 'Male', 70000),
('Victor', 'Gazipur', 53, 'Teacher', 'Male', 50000),
('Judy', 'Dhaka', 35, 'Musician', 'Female', 50000),
('Pat', 'Khulna', 43, 'Service', 'Male', 50000),
('Olivia', 'Khulna', 34, 'Service', 'Female', 45000),
('Trent', 'Ctg', 19, 'Student', 'Male', 500),
('Peggy', 'Comilla', 32, 'Business', 'Female', 120000),
('Wendy', 'Ctg', 25, 'Musician', 'Female', 100000),
('Oscar', 'Gazipur', 20, 'Student', 'Male', 400),
('Mallet', 'Dhaka', 25, 'Engineer', 'Male', 50000);

INSERT INTO PRODUCTS (PRODUCT_NAME, AMOUNT, PRICE) VALUES
('Chair', 35, 1200),
('Table', 15, 10000),
('Sofa', 10, 15000),
('Shelf', 12, 7500),
('Wardrobe', 15, 15000),
('Bookshelf', 15, 12000);

CREATE TABLE CUSTOMERS (
    CUSTOMER_ID INT AUTO_INCREMENT,
    CUSTOMER_NAME VARCHAR(50) NOT NULL,
    CITIZEN_ID INT,
    AGE INT,
    OCCUPATION VARCHAR(50),
    CONSTRAINT PK_CUSTOMER PRIMARY KEY (CUSTOMER_ID),
    FOREIGN KEY (CITIZEN_ID) REFERENCES CITIZEN(CITIZEN_ID)
);

ALTER TABLE CUSTOMERS AUTO_INCREMENT = 1001;

INSERT INTO CUSTOMERS (CUSTOMER_NAME, CITIZEN_ID, AGE, OCCUPATION)
SELECT CITIZEN_NAME, CITIZEN_ID, AGE, OCCUPATION
FROM CITIZEN;

CREATE TABLE ORDERS (
    ORDER_ID INT,
    CUSTOMER_ID INT,
    CONSTRAINT PK_ORDERS PRIMARY KEY (ORDER_ID)
);

CREATE TABLE ORDER_DETAILS (
    ORDER_ID INT,
    PRODUCT_ID INT,
    CONSTRAINT PK_ORDER_DETAILS PRIMARY KEY (ORDER_ID, PRODUCT_ID)
);

INSERT INTO ORDERS VALUES (1, 1005);
INSERT INTO ORDERS VALUES (2, 1004);
INSERT INTO ORDERS VALUES (3, 1010);
INSERT INTO ORDERS VALUES (4, 1012);
INSERT INTO ORDERS VALUES (5, 1003);
INSERT INTO ORDERS VALUES (6, 1001);
INSERT INTO ORDERS VALUES (7, 1019);

INSERT INTO ORDER_DETAILS VALUES (1, 102);
INSERT INTO ORDER_DETAILS VALUES (1, 101);
INSERT INTO ORDER_DETAILS VALUES (2, 103);
INSERT INTO ORDER_DETAILS VALUES (3, 104);
INSERT INTO ORDER_DETAILS VALUES (4, 103);
INSERT INTO ORDER_DETAILS VALUES (4, 106);
INSERT INTO ORDER_DETAILS VALUES (5, 105);
INSERT INTO ORDER_DETAILS VALUES (5, 102);
INSERT INTO ORDER_DETAILS VALUES (6, 105);
INSERT INTO ORDER_DETAILS VALUES (7, 105);

INSERT INTO CITIZEN
(CITIZEN_NAME, CITIZEN_HOME, AGE, OCCUPATION, GENDER, SALARY)
VALUES ('InvalidAge', 'TestCity', 17, 'Student', 'Male', 1000);

INSERT INTO CITIZEN
(CITIZEN_NAME, CITIZEN_HOME, AGE, OCCUPATION, GENDER, SALARY)
VALUES ('InvalidGender', 'TestCity', 22, 'Teacher', 'Unknown', 30000);

CREATE VIEW STUDENT_CUSTOMER AS
SELECT *
FROM CUSTOMERS
WHERE OCCUPATION = 'Student';

CREATE VIEW MALE_CUSTOMER AS
SELECT C.CUSTOMER_ID,
       C.CUSTOMER_NAME,
       C.CITIZEN_ID,
       C.AGE,
       C.OCCUPATION
FROM CUSTOMERS C
JOIN CITIZEN Z
ON C.CITIZEN_ID = Z.CITIZEN_ID
WHERE Z.GENDER = 'Male';

SELECT DISTINCT P.PRODUCT_NAME
FROM STUDENT_CUSTOMER SC
JOIN ORDERS O
ON SC.CUSTOMER_ID = O.CUSTOMER_ID
JOIN ORDER_DETAILS OD
ON O.ORDER_ID = OD.ORDER_ID
JOIN PRODUCTS P
ON OD.PRODUCT_ID = P.PRODUCT_ID;

SELECT DISTINCT P.PRODUCT_NAME
FROM MALE_CUSTOMER MC
JOIN ORDERS O
ON MC.CUSTOMER_ID = O.CUSTOMER_ID
JOIN ORDER_DETAILS OD
ON O.ORDER_ID = OD.ORDER_ID
JOIN PRODUCTS P
ON OD.PRODUCT_ID = P.PRODUCT_ID;

CREATE VIEW OCCUPATION_PRODUCT_COUNT AS
SELECT C.OCCUPATION,
       COUNT(DISTINCT OD.PRODUCT_ID) AS TOTAL_PRODUCTS
FROM CUSTOMERS C
JOIN ORDERS O
ON C.CUSTOMER_ID = O.CUSTOMER_ID
JOIN ORDER_DETAILS OD
ON O.ORDER_ID = OD.ORDER_ID
GROUP BY C.OCCUPATION;

SELECT P.PRODUCT_NAME,
       COUNT(*) AS TOTAL_ORDERS
FROM ORDER_DETAILS OD
JOIN PRODUCTS P
ON OD.PRODUCT_ID = P.PRODUCT_ID
GROUP BY P.PRODUCT_NAME;

SELECT PRODUCT_NAME
FROM (
    SELECT P.PRODUCT_NAME,
           COUNT(*) AS TOTAL_ORDERS
    FROM ORDER_DETAILS OD
    JOIN PRODUCTS P
    ON OD.PRODUCT_ID = P.PRODUCT_ID
    GROUP BY P.PRODUCT_NAME
    ORDER BY TOTAL_ORDERS DESC
    LIMIT 1
) AS TOP_PRODUCT;
