-- Customer txt
CREATE TABLE CUSTOMERS (
	C_ID INT,
	C_NAME VARCHAR(10),
	C_HOME VARCHAR(10),
	CONSTRAINT PK_CITIZEN PRIMARY KEY (C_ID)
);

CREATE TABLE PRODUCTS (
	P_ID INT,
	P_NAME VARCHAR(15),
	AMOUNT INT,
	PRICE FLOAT,
	CONSTRAINT PK_PRODUCT PRIMARY KEY (P_ID)
);

CREATE TABLE ORDERS (
	O_ID INT,
	C_ID INT,
	CONSTRAINT PK_ORDER PRIMARY KEY (O_ID),
	CONSTRAINT fk_order_customer FOREIGN KEY(C_ID)
	REFERENCES CUSTOMERS(C_ID)
);

CREATE TABLE ORDER_DETAILS (
	O_ID INT,
	P_ID INT,
	CONSTRAINT PK_ORDER_DETAILS PRIMARY KEY (O_ID,P_ID),
	CONSTRAINT fk_orderDetails_order FOREIGN KEY(O_ID)
	REFERENCES ORDERS(O_ID),
	CONSTRAINT fk_orderDetails_product FOREIGN KEY(P_ID)
	REFERENCES PRODUCTS(P_ID)
);

INSERT INTO CUSTOMERS VALUES (1, 'Alicee', 'Dhaka');
INSERT INTO CUSTOMERS VALUES (2, 'Ayman', 'Dhaka');
INSERT INTO CUSTOMERS VALUES (3, 'Charrlie', 'Ctg');
INSERT INTO CUSTOMERS VALUES (4, 'Errin', 'Ctg');
INSERT INTO CUSTOMERS VALUES (5, 'Micheall', 'Comilla');
INSERT INTO CUSTOMERS VALUES (6, 'Heidii', 'Khulna');
INSERT INTO CUSTOMERS VALUES (7, 'Pat', 'Khulna');
INSERT INTO CUSTOMERS VALUES (8, 'Peggy', 'Comilla');
INSERT INTO CUSTOMERS VALUES (9, 'Wendy', 'Ctg');
INSERT INTO CUSTOMERS VALUES (10, 'Asif', 'Dhaka');

INSERT INTO PRODUCTS VALUES (1, 'Chair', 35, 1200);
INSERT INTO PRODUCTS VALUES (2, 'Table', 15, 10000);
INSERT INTO PRODUCTS VALUES (3, 'Sofa', 10, 15000);
INSERT INTO PRODUCTS VALUES (4, 'Shelf', 12, 7500);
INSERT INTO PRODUCTS VALUES (5, 'Wardrobe', 15, 15000);
INSERT INTO PRODUCTS VALUES (6, 'Bookshelf', 15, 12000);

INSERT INTO ORDERS VALUES (1, 5);
INSERT INTO ORDERS VALUES (2, 2);
INSERT INTO ORDERS VALUES (3, 10);
INSERT INTO ORDERS VALUES (4, 9);
INSERT INTO ORDERS VALUES (5, 3);
INSERT INTO ORDERS VALUES (6, 1);

INSERT INTO ORDER_DETAILS VALUES (1, 2);
INSERT INTO ORDER_DETAILS VALUES (1, 1);
INSERT INTO ORDER_DETAILS VALUES (2, 3);
INSERT INTO ORDER_DETAILS VALUES (3, 4);
INSERT INTO ORDER_DETAILS VALUES (4, 3);
INSERT INTO ORDER_DETAILS VALUES (4, 6);
INSERT INTO ORDER_DETAILS VALUES (4, 4);
INSERT INTO ORDER_DETAILS VALUES (5, 5);
INSERT INTO ORDER_DETAILS VALUES (5, 2);
INSERT INTO ORDER_DETAILS VALUES (6, 5);

SELECT COUNT(*) AS total_products
FROM PRODUCTS;

SELECT AVG(PRICE) AS average_price
FROM PRODUCTS;

SELECT DISTINCT PRICE
FROM PRODUCTS
ORDER BY PRICE DESC
LIMIT 1 OFFSET 1;

SELECT P_NAME
FROM PRODUCTS
WHERE PRICE = (
	SELECT MAX(PRICE)
	FROM PRODUCTS
);

SELECT P_NAME
FROM PRODUCTS
WHERE PRICE = (
	SELECT DISTINCT PRICE
	FROM PRODUCTS
	ORDER BY PRICE DESC
	LIMIT 1 OFFSET 1
);

SELECT AMOUNT
FROM PRODUCTS
WHERE PRICE = (
	SELECT MIN(PRICE)
	FROM PRODUCTS
);

SELECT C_NAME
FROM CUSTOMERS
WHERE C_NAME LIKE '%rr%'
OR C_NAME LIKE '%ee%'
OR C_NAME LIKE '%ii%';

SELECT DISTINCT P.P_NAME
FROM CUSTOMERS C
JOIN ORDERS O ON C.C_ID = O.C_ID
JOIN ORDER_DETAILS OD ON O.O_ID = OD.O_ID
JOIN PRODUCTS P ON OD.P_ID = P.P_ID
WHERE C.C_NAME = 'Asif';

SELECT MIN(P.PRICE) AS least_price
FROM CUSTOMERS C
JOIN ORDERS O ON C.C_ID = O.C_ID
JOIN ORDER_DETAILS OD ON O.O_ID = OD.O_ID
JOIN PRODUCTS P ON OD.P_ID = P.P_ID
WHERE C.C_NAME = 'Micheall';

SELECT P_NAME
FROM PRODUCTS
WHERE PRICE BETWEEN 5000 AND 12000;

SELECT P_NAME, AMOUNT
FROM PRODUCTS
ORDER BY AMOUNT DESC;

SELECT C_HOME, COUNT(*) AS num_customers
FROM CUSTOMERS
GROUP BY C_HOME;

SELECT C.C_NAME, SUM(P.PRICE) AS total_payment
FROM CUSTOMERS C
JOIN ORDERS O ON C.C_ID = O.C_ID
JOIN ORDER_DETAILS OD ON O.O_ID = OD.O_ID
JOIN PRODUCTS P ON OD.P_ID = P.P_ID
GROUP BY C.C_NAME
HAVING SUM(P.PRICE) > 12000;

SELECT DISTINCT P.P_NAME
FROM CUSTOMERS C
JOIN ORDERS O ON C.C_ID = O.C_ID
JOIN ORDER_DETAILS OD ON O.O_ID = OD.O_ID
JOIN PRODUCTS P ON OD.P_ID = P.P_ID
WHERE C.C_HOME = 'Dhaka';

SELECT AVG(P.PRICE) AS average_price
FROM CUSTOMERS C
JOIN ORDERS O ON C.C_ID = O.C_ID
JOIN ORDER_DETAILS OD ON O.O_ID = OD.O_ID
JOIN PRODUCTS P ON OD.P_ID = P.P_ID
WHERE C.C_HOME = 'Ctg';

SELECT C.C_NAME, AVG(P.PRICE) AS average_spending
FROM CUSTOMERS C
JOIN ORDERS O ON C.C_ID = O.C_ID
JOIN ORDER_DETAILS OD ON O.O_ID = OD.O_ID
JOIN PRODUCTS P ON OD.P_ID = P.P_ID
GROUP BY C.C_NAME;
